epoch,train_loss,val_loss,val_mae
1,3.4500458240509033,7.374932526225993,7.374932526225993
