epoch,train_loss,val_loss,val_mae
1,4.295917987823486,3.3914282071466024,3.3914282071466024
2,4.286952018737793,3.3869287717217977,3.3869287717217977
3,4.278171062469482,3.382455085503536,3.382455085503536
