epoch,train_loss,val_loss,val_mae
1,4.163147449493408,3.393650268303829,3.393650268303829
2,4.15883207321167,3.391089652764278,3.391089652764278
3,4.154510974884033,3.3885266530389364,3.3885266530389364
