epoch,train_loss,val_loss,val_mae
1,4.078647478421529,4.5204328888607765,4.5204328888607765
2,3.699704846739769,4.0557450005084,4.0557450005084
3,3.1419534921646117,3.34833683322716,3.34833683322716
