id,y_true,y_pred
mb-mp-e-form-062476,-1.2436961681666674,-7.815802097320557
mb-mp-e-form-058585,-1.0586352460227266,-5.0142717361450195
