{
  "dataset": "matbench_mp_e_form",
  "scores": {
    "mae": {
      "mean": 0.49345881781252243,
      "max": 0.4997958083113525,
      "min": 0.48949559110575885,
      "std": 0.0038755636787679523
    },
    "rmse": {
      "mean": 0.7270288084226846,
      "max": 0.7349273964470532,
      "min": 0.720033917587073,
      "std": 0.006032547365072937
    },
    "mape": {
      "mean": 2.5679264852875883,
      "max": 3.5525759945984796,
      "min": 1.8693153905417894,
      "std": 0.6849823549326415
    },
    "max_error": {
      "mean": 4.671790320262481,
      "max": 4.890868232097897,
      "min": 4.425717761613202,
      "std": 0.18583062075366613
    }
  },
  "model": "structure_simple(5 feats)+HGBRegressor(loss=absolute_error)",
  "hparams": {
    "learning_rate": 0.08,
    "max_depth": 8,
    "max_iter": 500,
    "l2_regularization": 0.0001
  }
}