epoch,train_loss,val_loss,val_mae
1,2.175407833109299,1.0482747855665866,1.0482747855665866
2,0.5132052239961922,0.6643877784192972,0.6643877784192972
3,0.300568131582501,0.46324098488947907,0.46324098488947907
