epoch,train_loss,val_loss,val_mae
1,3.4500458240509033,7.3648359762382,7.3648359762382
