id,y_true,y_pred
mb-mp-e-form-062476,-1.2436961681666674,-7.806363582611084
mb-mp-e-form-058585,-1.0586352460227266,-4.994645595550537
